Duration,x^0,x^1,x^2,x^3,x^4,x^5,x^6,x^7,y^0,y^1,y^2,y^3,y^4,y^5,y^6,y^7,z^0,z^1,z^2,z^3,z^4,z^5,z^6,z^7,yaw^0,yaw^1,yaw^2,yaw^3,yaw^4,yaw^5,yaw^6,yaw^7
0.2000000099999991,0.35355339059327373,0.0,0.0,0.0,21.015781784822593,-207.91428355119078,642.954052648181,-643.8858625651598,-3.233471145086806e-17,0.0,0.0,0.0,5.799204481179764,-57.14994845983549,175.7196914480571,-174.7502961017002,0.8535533905932738,0.0,0.0,0.0,-27.67805601691595,272.80470155457937,-838.9536713113392,834.407773116519,0.0,0.0,0.0,0.0,0.0,0.0,0.0,0.0
0.2000000099999991,0.35355339059327373,-0.044798346347302065,-0.48537077476079915,0.4619528708772407,18.58588944037969,22.7664394783701,-258.48620014452507,328.07093155771,-2.2195786875123247e-15,-0.012531372098946836,-0.13723619309820023,0.1085184570430447,5.1509883272398715,6.923428393896455,-68.93073536332925,84.5361271555944,0.8535533905932723,0.059763466413246924,0.6539747883878846,-0.5263172914453946,-24.61138242529617,-33.03715474049105,329.2172696369907,-392.2614822589578,0.0,0.0,0.0,0.0,0.0,0.0,0.0,0.0
0.20000000999999906,0.3535533905932694,0.2440499807270715,2.0746974718680846,1.4514194834556378,-21.87953092338824,-11.837406090432758,200.81312702390946,-256.47737595406596,-4.354155924701786e-16,0.0713406048325288,0.6317314980561766,0.7037857144177918,-5.6139091323381445,-4.783104254286132,49.41984857978015,-60.42442374192035,0.8535533905932766,-0.3373022140134858,-2.94630251894705,-2.7221637905175697,30.04861120923078,32.52391047762952,-219.94883303716745,211.92301329081337,0.0,0.0,0.0,0.0,0.0,0.0,0.0,0.0
0.20000000999999912,0.4677365590111551,0.7239144055447078,-0.15654375533783949,-3.0197998227393157,14.957274618067908,13.697341004209601,-158.25521728093094,206.21781945320635,0.03704425890012691,0.2583935330336349,0.10404059765657259,-1.1771751565076112,2.3360573016445945,3.7641959791476265,-35.17434889373258,45.24217876539261,0.6935848457709476,-0.9480962558284869,1.3793297216553029,11.002164423924228,-10.058337082804687,-53.39935337563531,76.74340046939186,-3.3002847563206417,0.0,0.0,0.0,0.0,0.0,0.0,0.0,0.0
0.20000000999999912,0.6029253407746258,0.6756680125237366,0.3047680912444477,0.6523190555284799,-8.557525448675783,-2.9859435336530087,130.449744394179,-196.7081688947179,0.08673736627950675,0.2163498953994516,-0.2806320245771605,-0.8969848291299414,-2.336546023189377,-0.44159083386771464,28.16470454727829,-37.84138156564188,0.6188443036423434,0.32070261366695973,3.114342714485261,-6.3101191972539965,-18.335728113619094,35.9204923263666,72.12300152507594,-141.792944260563,0.0,0.0,0.0,0.0,0.0,0.0,0.0,0.0
0.200000009999999,0.7466516032087464,0.7404634268778949,0.21239297872158858,2.468223394014643,11.648089779886362,-11.681120860806889,-144.94170581837292,228.43853257592173,0.10904457399911768,-0.04472001941588033,-0.9932624259851117,-0.5556224803359969,3.5250991113804875,1.5692926133874523,-24.813232295162962,31.423162282182048,0.7420359021988086,0.5847989302538963,-1.4205608041924265,-3.0112285459204506,21.15654090325744,3.362013371849982,-126.38713035227734,153.65501945476254,0.0,0.0,0.0,0.0,0.0,0.0,0.0,0.0
0.20000000999999923,0.9315325361517562,1.2249497513587464,1.6108847941918096,-3.2838691544976037,-23.035265137107306,6.27721004925107,174.87225576982794,-241.06844151233403,0.06088159088962481,-0.416906019071727,-0.7394226224794385,0.6817537348970072,-0.9950623038596629,-1.8111286683593781,19.17919710108773,-27.108319521917885,0.8068877471982533,0.18530675975494648,0.118503666312896,3.641549426915096,-8.290319450275371,-19.232321364298294,88.72990765750744,-93.02574528532804,0.0,0.0,0.0,0.0,0.0,0.0,0.0,0.0
0.200000009999999,1.1879453664303272,1.0160845796073996,-2.8087694576035673,-4.721468219355917,20.66613543183742,13.626416310176053,-162.6235792316422,196.16330221586213,-0.047913673205351615,-0.6525161203768384,-0.4359427833417311,0.7118581118520696,1.1109977439929675,-1.5670816764679503,-18.772452125305577,35.856928312200445,0.8628907756027816,0.3792312585924158,0.27955566982605795,-1.6962912030778838,-0.3319044451257029,9.10193928221897,-41.506142269357596,52.79755869171865,0.0,0.0,0.0,0.0,0.0,0.0,0.0,0.0
0.200000009999999,1.2705690081202532,-0.12802788171680035,-2.1764130246094986,2.227378562975133,-8.355872013419729,-16.744698159459958,112.00505762431213,-122.2186594019317,-0.18962608910361556,-0.7384341916346688,-0.07713528519240676,-0.02178078529100347,-1.6796149791067756,6.025797447766349,31.427250014812188,-58.89055124138729,0.9367499165303323,0.2936546526826582,-0.7310688564902534,-2.00535857666519,-1.3503339086034443,3.644519812780402,32.41044359671176,-51.3654732293374,0.0,0.0,0.0,0.0,0.0,0.0,0.0,0.0
0.20000000999999923,1.1626021557878041,-0.9723574488452584,-2.3181590333583983,-0.07863370291328901,7.8812405186499745,14.997693530788208,-59.1010741170264,48.26106683626672,-0.3400741763936489,-0.7434859396782483,0.34726202374210935,2.775335611909471,6.71317784362473,-5.729568648107599,-51.01952583952107,71.11296667857226,0.9506177244705486,-0.2142541566699805,-1.534127868870275,0.6813869905199587,7.3581195275340665,-0.6099477616939045,-39.50122251903402,48.79343757196786,0.0,0.0,0.0,0.0,0.0,0.0,0.0,0.0
0.20000000999999923,0.8890197384454575,-1.6287289734197519,-0.3681372936796705,5.471884045684196,0.9313875245306884,-15.38429875472559,8.464422851933822,9.99041770244149,-0.44612558126873564,-0.16865454710759475,2.4186711476381753,1.6732520385838872,-9.716475999033973,-7.218104723507651,48.53863249345295,-45.402119079526784,0.8615271543305354,-0.5695415103383884,-0.028280166774516502,2.7361402772384404,-3.2903995765935683,-7.024925488941493,28.809593502613485,-28.836027946216245,0.0,0.0,0.0,0.0,0.0,0.0,0.0,0.0
0.20000000999999878,0.5895603573076253,-1.1919003520951756,2.178064053958284,1.9770453479870493,-6.576940404299015,3.1649608872915755,22.451008324936726,-31.227286674217826,-0.38505445119281917,0.7037861393212572,1.3730445798629933,-3.7635081405071453,-0.523993924461143,12.890473335434741,-15.024337409722845,3.1352165737663595,0.7623388614410613,-0.37161303994930583,0.7593662069918361,0.2885677716707618,-1.1036566227969202,3.324322542056565,-11.560847646687504,12.522702845384563,0.0,0.0,0.0,0.0,0.0,0.0,0.0,0.0
0.20000000999999923,0.4456460475366689,-0.23945553567869116,2.3679992647971524,-0.17508928970244733,1.3149854029081054,3.875248790572717,-21.267195207049753,19.95393731008819,-0.21711836228900908,0.8602968183227171,-0.3190964595799315,-1.2548356341374216,4.2297374806908605,-2.5051502727170902,-10.635033979065968,13.989297095576491,0.7194177722827944,-0.05854749794703995,0.7402672910952113,-0.4130928222520491,-1.2094858734873992,-0.02962388396831041,5.970937215716741,-6.151399807300283,0.0,0.0,0.0,0.0,0.0,0.0,0.0,0.0
0.20000000999999923,0.49331257011635066,0.7279213780557665,2.512239868924123,0.14166772577087508,-1.9829807280180436,-4.884077715149674,6.668318429928318,-1.32856950031952,-0.06239718253837598,0.6832362870835951,-0.41850559926859177,0.20868941245295622,-0.7394301684893738,-3.5161809485216478,8.949982935554868,-6.504363843125978,0.7323729683605333,0.15775611917236887,0.3017301404121513,-0.7816594844810005,0.6210607243133087,1.9683247776788118,-2.6410229469324933,-0.48428418849308386,0.0,0.0,0.0,0.0,0.0,0.0,0.0,0.0
0.20000000999999878,0.7361938915417332,1.6594974575839234,1.8817104955518043,-2.4058170154554497,-3.2380667452614316,2.0019063090306832,4.808321033549119,-3.861935350266396,0.057360648118379196,0.503355564505999,-0.5809594243357057,-0.7215742355472025,-0.7068431437993881,1.7601329358805073,-0.15612690296953052,-0.4153366023277473,0.7711884608669985,0.2149818566772663,0.0726160668849499,0.05283545474324214,0.8691720807116404,-1.60770167646945,-3.31902084258819,6.140410993727172,0.0,0.0,0.0,0.0,0.0,0.0,0.0,0.0
0.20000000999999923,1.1198332901909247,2.043382556134515,-0.08931583788370337,-3.6424448795997546,0.5674905121715225,4.527865819038116,-0.598388729584484,-5.6313714992335875,0.1284377769944571,0.17535911395443857,-1.0492738118813905,-0.6312346967072123,0.8433194628363464,1.223897862175312,-0.7375981756191307,-2.1710859286150233,0.8182545518522994,0.26169881819643415,0.14590956417723933,-0.08208791086569156,-1.0106270447024066,-0.4325811352972364,5.27755497828516,-5.0807645785608555,0.0,0.0,0.0,0.0,0.0,0.0,0.0,0.0
0.20000000999999923,1.498044148526009,1.6212736610075251,-1.828559976836418,-1.788405016556352,3.1595390277029853,-0.9205532259117841,-8.48230921993148,11.43223033970315,0.1181547291526571,-0.28571002688797065,-1.1599981747046564,0.2933835390006531,1.0167542854207627,-1.484932355860587,-3.7771186257076543,8.034860422221136,0.874291298091626,0.28226810131827496,-0.08798159749563883,-0.5037360085918655,0.3007108065766524,1.6326424820122507,-1.835515788993559,-0.44680016835209935,0.0,0.0,0.0,0.0,0.0,0.0,0.0,0.0
0.20000000999999878,1.739213399270132,0.7578174499811183,-2.3437087219689507,-0.3459596468993422,0.35062469014629094,-1.4962503515215213,7.522814056678519,-7.771559366492935,0.017972597248077954,-0.6974990620032471,-0.8953981854989536,0.35842720913665876,-0.4846882910769481,0.7318084975995951,7.4716865267705685,-10.053669243336659,0.9240761592744955,0.2055866654758014,-0.234496084443093,0.07118632208526592,0.7069397208147337,-0.945288754059137,-2.461036054697015,3.1895707583693635,0.0,0.0,0.0,0.0,0.0,0.0,0.0,0.0
0.20000000999999923,1.7947250446341896,-0.21096911393962492,-2.4585119510430022,0.10448293683507688,1.1920262001368145,1.0030164462208588,-3.3573696020239727,3.161875095184273,-0.1546675565991274,-1.0124610466570199,-0.6263625238642581,0.8958644185755601,1.915104797073004,1.2527497677921422,-6.603451118666333,5.4257257055900645,0.9570950722396443,0.13209408715011461,-0.13537280703335353,0.04347275795491697,-0.8218909146688653,-1.2192924621110213,2.0043632311197586,0.7607903514311333,0.0,0.0,0.0,0.0,0.0,0.0,0.0,0.0
0.20000000999999923,1.6570804034218953,-1.140696643331879,-2.0888236220446634,1.0991963870772017,1.065945893323174,-0.36985193179224174,1.069255753701105,0.4977923033774261,-0.37193548646243224,-1.0944448683773642,0.34897937518570943,2.1763366528767274,0.7249869855669057,-2.1137819216607827,0.9925652504016022,-2.326568233485954,0.976879578276583,0.05129605078924114,-0.3508691621949994,-0.7384546069870291,-0.6255440484876308,1.8250074949007609,3.06946977482853,-4.500137784175837,0.0,0.0,0.0,0.0,0.0,0.0,0.0,0.0
0.20000000999999923,1.3558436477820834,-1.810895114050181,-1.1740595674872458,2.002969677681311,1.4770293252173066,1.3314006140298371,1.7661650107713212,-10.174601454863023,-0.5589372857082112,-0.6865399357235202,1.6678627753755708,1.9393360338671866,-1.4446950350565582,-2.87702107380247,-2.2646304382072397,7.426736414252863,0.9669183595213423,-0.1792062113728467,-0.7546455578394076,-0.2697793285138514,1.7811068181380025,1.728255291701394,-3.2307234389265793,-0.4581744303653146,0.0,0.0,0.0,0.0,0.0,0.0,0.0,0.0
0.20000000999999923,0.9654980746385133,-1.9834136117805792,0.46273606767665343,3.4299621444877944,1.0192402836496242,-5.0958673460996575,-12.478277733695412,24.18222562899164,-0.6172981050580019,0.1430582212534619,2.2501324301547294,-0.3136721986543612,-3.601008143624713,0.6438814774693621,8.132801060446468,-8.26254658918294,0.9019232374845341,-0.44902475319251034,-0.43140335084941733,1.3038347820539653,1.4426390793536894,-2.5334795892175666,-3.872167671147082,6.606627950338526,0.0,0.0,0.0,0.0,0.0,0.0,0.0,0.0
0.20000000999999834,0.614275507681544,-1.407999588816863,2.220687572316169,1.564687439097088,-4.792570514440663,0.24327018829197333,21.376839837448475,-26.736474037510806,-0.5063313644027438,0.9073027056420353,1.3888605241097585,-2.0983805775275535,-0.3909589017635133,3.462703408124562,-3.434764745024705,0.23648371764753162,0.8066270817965587,-0.4437040895481205,0.4459170818584955,1.1949784851138894,-1.5642853679791686,-1.630512992841218,5.377111922136518,-3.0898238398036266,0.0,0.0,0.0,0.0,0.0,0.0,0.0,0.0
0.20000000999999923,0.4274562122995519,-0.4543125227934066,2.362119770468186,-0.24900903762387738,0.790591017610027,3.4368388349401613,-16.054225689768792,14.49795809625208,-0.2858377018370708,1.2197433894299623,0.23217308365038414,-1.5623855636201942,1.0771010773139083,-0.4603681495385261,-3.103687521482548,5.271194192314145,0.7425627379521555,-0.17610124519185238,0.7653217144715259,-0.02134726724034645,-0.8336817714113408,2.2265693513547293,1.0513583271907354,-6.1909477714801255,0.0,0.0,0.0,0.0,0.0,0.0,0.0,0.0
0.20000000999999923,0.4306092686244537,0.48911894381582743,2.389528160810394,0.0014087996402391372,-1.3456774767627055,-3.6499469359153003,4.242916665019166,1.6171192550120197,-0.043656294390674893,1.1523130490370592,-0.522649556060368,-1.0862550810339018,0.23045480087290532,0.24301020365524748,4.275984716291789,-6.32912320338153,0.7371512346927515,0.11784558432257353,0.7141847086414577,0.02385932492959005,0.2902371146908313,-1.712197242371665,-7.615968983492978,14.076475755909444,0.0,0.0,0.0,0.0,0.0,0.0,0.0,0.0
0.20000000999999923,0.6209966468448913,1.3817089165384693,1.8881120796819233,-1.7656866913355405,-1.9970808823471327,2.7999336275332114,6.506883731171012,-12.763296932135788,0.1578494419934883,0.8275956748150187,-1.0395607251633214,-0.4749604529801081,1.266901340243855,0.057728096341969196,-4.584788211576918,5.46964091014224,0.7890878515798039,0.39365620865108875,0.5729920674379538,-0.8591023572994964,-2.0501282575084896,0.9728803401428491,12.091098058916673,-16.102503397163943,0.0,0.0,0.0,0.0,0.0,0.0,0.0,0.0
0.20000000999999923,0.9566911584195426,1.890339498851385,0.643791139973146,-1.917021132081823,1.1332598372794982,-0.11297600189535453,-11.36173286564965,15.960614333207081,0.27980856831383355,0.3894263820294435,-1.0891413537155967,0.13438563907765988,0.10525592201792001,-0.8495192079832287,3.072709446359676,-2.238792114651561,0.8814647966575639,0.4779406744885787,-0.17469220326403656,-1.077217261315254,1.66871006456747,1.9560945278512059,-10.452407825475449,10.821518190816823,0.0,0.0,0.0,0.0,0.0,0.0,0.0,0.0
0.20000000999999923,1.3464287624958,1.9385097457097535,-0.40890357832742874,-1.979686571972062,-1.3277838877054744,-0.34013873953262014,10.98312831892663,-11.826923001558674,0.3152678355915495,-0.028635243507894564,-0.9925097345698155,0.24504386539578604,0.4725006375764691,0.957146747549523,-0.06159967238613919,-2.7433569838780203,0.9642129563446276,0.332624608396174,-0.4421817686839218,-0.026191616575740834,0.3833849157563378,-1.496719299116008,4.697718400981449,-6.221061915516216,0.0,0.0,0.0,0.0,0.0,0.0,0.0,0.0
0.20000000999999834,1.7002553279895796,1.50796484111449,-1.7584766591278598,-2.082976270591875,1.610416068883726,2.9049995860387603,-5.57456471384539,2.349765262644042,0.27282397531309005,-0.3748039879129325,-0.6754252483065308,0.8424191607797206,0.6245475551811096,-1.4211929605593636,-3.902299640275312,7.277673714036409,1.0131965660099924,0.15913604514249036,-0.41468219467275436,0.08508407180703188,-0.036600733358498644,-1.0851494688161276,-4.011768715649003,9.581749251991257,0.0,0.0,0.0,0.0,0.0,0.0,0.0,0.0
0.20000000999999923,1.9180249963112825,0.619739816325505,-2.507361740424736,-0.3929870074321508,1.8286110096849062,-1.810675387159091,-2.2848931783983724,7.169277933988733,0.17797341707677544,-0.539499830916516,-0.1785269827452709,0.5567617622317965,-1.1002765491663413,0.009293769277078702,6.286444068085126,-8.548244050159932,1.0285772439175123,-0.009789145420414425,-0.4911209938091452,-0.48356137263540927,-0.8459215335875556,2.149398010074064,9.402680905507133,-16.61373906274412,0.0,0.0,0.0,0.0,0.0,0.0,0.0,0.0
0.20000000999999923,1.9408264851105692,-0.3875083790272153,-2.455801210651983,0.38152832738765535,0.6543976104221687,1.469646730056568,7.752096427987533,-17.132920449191566,0.0659219063955451,-0.5709933529775731,-0.014362331825360508,0.2073874261892333,0.2873753455514222,0.3725013065844588,-5.681098200260764,9.825080536447906,1.0028295300923429,-0.26352903438186026,-0.6983071212090635,0.2735202536211725,2.2932380561114134,-0.5229265501178905,-13.856554943903555,19.23819532116911,0.0,0.0,0.0,0.0,0.0,0.0,0.0,0.0
0.20000000999999923,1.769939130576211,-1.284139127473286,-1.881339907246622,1.7737970701946686,1.9780842906193237,-3.6194917111104945,-16.233993395725168,31.732705381205474,-0.046850991808237874,-0.5461818427482847,0.13851850257130016,0.22751702335312718,0.002240372563199844,1.8082516031200107,8.074015237029977,-15.13385043286874,0.9272408695858698,-0.4588151256036953,-0.22892858289789753,0.7592301791469639,-1.1569268199545424,-0.9907076255697015,13.076919852982545,-16.322275216959792,0.0,0.0,0.0,0.0,0.0,0.0,0.0,0.0
0.20000000999999923,1.4534219678580516,-1.8064297098136668,-0.8082528009637722,1.0880602764115856,-2.4966457735464123,3.5551904313921283,28.191796354081035,-46.40174311727949,-0.1478212396716928,-0.4402125396632779,0.5123034669365241,1.3969568730327524,2.4174229359521626,-1.2153652651728872,-13.113376427562777,14.827259948773058,0.8308544261141044,-0.48643094821215027,0.07385088323899325,0.6156654824141145,1.1282804550336627,0.9908844270961895,-9.774266595088273,10.012831628350721,0.0,0.0,0.0,0.0,0.0,0.0,0.0,0.0
0.20000000999999923,1.0668637362495954,-2.017274472353412,-0.10541291475625947,2.4250098314619692,4.981134317914328,-1.5921203757623201,-36.77064725608176,48.80527224396357,-0.20136646147955517,-0.018556754212549098,1.6183480740733178,1.5769353438731617,-2.514335624871555,-4.496518160916646,7.644788541839427,-2.4415193569716167,0.7430725350554002,-0.3532595178184774,0.6260120936684284,0.9114794955809566,-0.941802335314687,-2.327456663414332,4.243698387930326,-2.13951525414143,0.0,0.0,0.0,0.0,0.0,0.0,0.0,0.0
0.20000000999999923,0.6843241095836546,-1.6705139668173261,1.8631715643782063,2.6228606198614735,-5.007898419161755,-4.720466497953016,31.55673730549052,-33.16606784715805,-0.13273220724884413,0.7151680600946491,1.768415158078801,-1.1466994619910758,-3.107605949390033,2.62635208307285,4.226661267484519,-6.178788492888728,0.7027454918854935,-0.035045053887491025,0.8481419098572915,-0.21376620308375216,-1.3221041887716922,0.9677886633642797,1.2483768807448732,-1.3973769069028916,0.0,0.0,0.0,0.0,0.0,0.0,0.0,0.0
0.20000000999999834,0.4378029748946508,-0.7627879630102954,2.3918407128626082,-0.07986654844435126,-0.08082126674166429,5.288120380436376,-14.875760009210236,11.125847609850789,0.067924108491732,1.2118447186525962,0.6045965638641604,-2.2519897280909222,0.32468224156630693,2.50816300382428,-4.4236430555582285,2.7466061927330894,0.7262083657016305,0.24576560972063952,0.5005709252087601,-0.7628468944849666,0.003445133700122737,1.2920442758804422,-0.7079508872165993,-0.881450525809393,0.0,0.0,0.0,0.0,0.0,0.0,0.0,0.0
0.20000000999999923,0.3810333271283343,0.20050598864513258,2.465320772339708,0.21365043089808852,-0.6029197218262353,-3.217079595337517,0.7004274287875126,3.8962885292558314,0.31753515616982825,1.2066367863816647,-0.55573078071527,-1.5429516374960668,0.9477091214004276,-0.49305949543639055,-0.5783941917493267,1.4793379593939397,0.7896439280879455,0.3631447978974932,0.12413898167250495,-0.40590642361617585,0.6239127151365206,-0.2979153471023274,-1.9419816846409805,0.7621494950042172,0.0,0.0,0.0,0.0,0.0,0.0,0.0,0.0
0.20000000999999923,0.5195571337237097,1.1703326840433848,2.234437210462911,-1.2252567308048519,-2.3087820269290518,0.8963160539434616,6.155231640275225,-8.883313408253077,0.5256301512220717,0.8251246941256245,-1.2974366729777669,-0.9917082626310059,0.5218277423200196,0.055511450099624896,1.4926790549736122,-0.6335560904411118,0.864779595446689,0.37828634128017635,-0.03498497327672612,-0.29397911320179276,-0.6257898835004808,-1.988087845804414,-0.8749723355900633,10.099484253021028,0.0,0.0,0.0,0.0,0.0,0.0,0.0,0.0
0.20000000999999923,0.830072121993789,1.8582046065389979,1.1049103963046967,-2.2263844274550446,-0.20665470209356132,0.8206103810766773,-6.281407752967029,8.886944102252494,0.6317640690891779,0.20686968880615111,-1.7312152664607967,-0.3486919291820299,1.2955509857777714,1.3145392366310806,0.6057004825050015,-5.055707292944324,0.9351214580696185,0.29592949193419804,-0.4737398777041697,-1.1642706262894051,-0.3110052676695637,5.445512922529493,13.264306319156491,-31.541479981476556,0.0,0.0,0.0,0.0,0.0,0.0,0.0,0.0
0.20000000999999923,1.2277420945688065,2.0248756083048787,-0.30590215701363666,-2.570820434109589,-0.6665445867622981,0.7479544942821202,6.160314612803267,-6.562165028547008,0.6035674419032077,-0.4765875466587697,-1.5437725590606335,1.0273570852050289,1.557912359668613,-2.205414699934589,-6.47229007900232,12.631498559496965,0.9677337368214685,0.01166987151635357,-0.7049178440988395,1.1210966311481727,4.261476795083002,-5.1321645383663705,-30.89376785591769,50.25448001416194,0.0,0.0,0.0,0.0,0.0,0.0,0.0,0.0
0.20000000999999834,1.5993977208727252,1.5875584198135084,-1.8447790226451013,-2.1867051317489867,1.9401925985756872,2.6281132234656233,-3.026716888623153,-1.7232765823832723,0.4562522611248632,-0.945371743751392,-0.8003437772886779,1.0633185598952737,-0.9940567591334737,0.6382966701079286,11.21180878677025,-16.702902966988045,0.9546818960586393,-0.07725775296372883,0.176181089954337,0.3486600622865061,-5.335694052481933,0.009079622057237866,39.46250767951797,-52.26946231992714,0.0,0.0,0.0,0.0,0.0,0.0,0.0,0.0
0.20000001000000012,1.8293541460807785,0.6637698882459189,-2.5651284490425112,-0.16408386350503687,2.269758123291271,-2.451499699176827,-5.439304221265964,11.161719251059996,0.24278822098057262,-1.1505707019294955,-0.19302258553300788,1.3819187281440577,1.6945123553821757,0.062027989189278696,-12.172256536570975,13.817469301765534,0.9423892150981918,-0.08326439255737483,-0.29861369386745285,-0.5293518434515742,3.7154409005531184,3.457738458427342,-33.714743230554255,38.88994742466053,0.0,0.0,0.0,0.0,0.0,0.0,0.0,0.0
0.20000000999999834,1.8608321991463685,-0.3343943539328218,-2.3704933286561385,0.4258903453123346,-0.32004269852824985,0.39718001934256203,10.187103509836563,-15.039411228835956,0.018137424668361546,-1.0244093588146175,0.8484931402672018,1.5885569760561349,-1.67792231973162,-2.9380052092184408,7.172201455761818,-4.269169446223286,0.9149482019219002,-0.16698568530333446,0.004286720316273751,0.6095743125949111,-2.1664815169710794,-4.33239633257427,20.731185892079242,-19.885652448852756,0.0,0.0,0.0,0.0,0.0,0.0,0.0,0.0
0.20000001000000012,1.702615205169249,-1.2257272279798066,-2.0165692932964188,1.116457806120356,1.9783642820901168,-0.01140185557192063,-10.868073262747004,16.61442681150805,-0.1433167331270096,-0.5597247564561987,1.307329568072343,-0.02050427980210401,-1.507973996358538,2.082534274239871,1.195363929562804,-2.15057515963231,0.8828186488144217,-0.16521355690394568,-0.1325991054479254,-0.6531762135406893,0.3718511919864446,3.841078252001924,-7.108728933417066,5.263906980747486,0.0,0.0,0.0,0.0,0.0,0.0,0.0,0.0
0.20000000999999834,1.3884174740365571,-1.8485870242751146,-1.0219840839178413,1.886104672894935,0.09815802120316151,0.903029497218016,12.392125434736137,-22.786662202221535,-0.2048299081254863,-0.0695166731408956,1.113952842549625,-0.3230437198176401,0.6896176764337708,1.710487746584646,-1.8154414451465646,-2.1401106231853673,0.840683087159323,-0.2652970150390992,-0.2632103166832196,0.33811825928779626,1.4215860251917094,-0.2677145879246563,0.26074120976928317,-2.7727852874492687,0.0,0.0,0.0,0.0,0.0,0.0,0.0,0.0
0.20000000999999834,0.9938569721608348,-2.007098341270762,0.34976373609606437,3.0325299572259183,2.056197194343638,-3.3672174054035895,-19.50920324075427,30.037367965486553,-0.1752523124315124,0.3686064912759681,1.16452174973454,0.5025287223057782,0.7116094681933284,-2.2657352003352016,-4.811596465346859,7.123323104037614,0.7819702794422472,-0.28739949423772426,0.24704882744714318,1.254743883094667,0.5339361684647529,-2.2839649954758503,-3.6211583857864365,5.272223911375847,0.0,0.0,0.0,0.0,0.0,0.0,0.0,0.0
0.20000001000000012,0.6320363733663128,-1.488429567822033,2.127021936329272,1.891220653842827,-4.606079202533139,-1.5468708462629999,22.543114013582866,-26.109839995287246,-0.05073312922843784,0.8933172705224148,1.3879568493856675,-0.2054272217651413,-2.4465532450029888,-2.0560592409218006,5.161056380083013,-0.7017667621946541,0.744369443719497,-0.043787109769793275,0.8938441960477039,0.48416591912733065,-2.4465012733015583,-2.200686746891473,3.7599554608500236,3.3283865178225285,0.0,0.0,0.0,0.0,0.0,0.0,0.0,0.0
0.20000000999999834,0.42780492504587847,-0.5388581975275066,2.3981222558534965,-0.26764384176519246,0.062163339241532486,3.5725995299340747,-14.010663811276975,13.552143842381893,0.17755409530918292,1.3387054152812778,0.632192412773255,-2.1986234961047986,-1.602473173975319,3.5477245860756423,4.178582860201674,-10.12367935106687,0.7709037385072159,0.28466718654241063,0.5337341436804923,-1.5653273379071113,-1.4592662634439808,5.1071049876220735,8.4196968134571,-19.900492008474217,0.0,0.0,0.0,0.0,0.0,0.0,0.0,0.0
0.20000001000000012,0.4143365071707488,0.39801439867396127,2.293077581607773,-0.2716595521106628,-0.9770352344880634,-1.8563959165675215,4.962338519853865,-5.224243830479469,0.4517030609878016,1.3083376716111657,-0.7555024751478143,-1.959864922171455,1.6177709128806004,0.05813276187932683,-9.994568937593645,16.07213076689955,0.8362475078478119,0.31173227482655896,-0.2787763597691377,-0.4571742908341321,3.127518974682215,-1.5056732933467198,-19.44099338753896,29.118403559895736,0.0,0.0,0.0,0.0,0.0,0.0,0.0,0.0
0.20000000999999834,0.5815826424656582,1.2437172555721894,1.8310708878414115,-1.294429650411009,-1.3188163261847976,-0.2899546522128829,-2.351603209132722,4.3750921835950445,0.6696446918449867,0.8111973310146325,-1.6703707644024135,-1.3414867870094886,0.17935900516061545,1.5652406340859246,12.506415259633375,-20.97335677243645,0.887436223080923,0.2091143704718572,-0.19383841431250293,-0.03735684666302556,-1.8895973732127964,-0.37540508406982087,21.32477363402175,-29.373289986102616,0.0,0.0,0.0,0.0,0.0,0.0,0.0,0.0
0.20000001000000012,0.890916116590537,1.773737269900586,0.6876628716861717,-2.596715995212179,-1.7947070643017875,0.5631991579495226,3.7735261546975627,-0.8561666983961387,0.7556572363465005,0.014948234560119289,-2.147784408283691,0.2546152680746065,3.3759088465577896,-1.044681758083986,-16.85628568801015,26.098423409348285,0.9190520287191463,0.09141015028826871,-0.38538223806175864,0.06786285557414355,2.3053405540564955,0.5407584962005091,-19.79783440352328,25.555553252889798,0.0,0.0,0.0,0.0,0.0,0.0,0.0,0.0
0.20000000999999834,1.2499356135546809,1.6911330504627031,-1.1712293982794044,-3.251383102117122,0.7928813294690904,4.372250671808698,2.574892714003299,-9.464927705403259,0.6790948352532988,-0.7346120723445093,-1.4975410770539694,1.3019756239296922,-0.4749857372673078,0.6504522656968967,19.68150890882183,-37.84188158612478,0.9253833093537538,-0.003065191801837841,-0.05153680811514505,0.39189609981578616,-1.8770467685290075,-1.7499770931038017,15.979941940934296,-20.286264743911733,0.0,0.0,0.0,0.0,0.0,0.0,0.0,0.0
0.20000000999999834,1.5180133642367204,0.8935289815326968,-2.5837946053636855,-0.9862307246849489,4.059887847773487,-0.4884179858873443,-10.676006734906577,8.531904548898076,0.4829099790597514,-1.1665520308123547,-0.5602572624697277,2.212064052528897,1.3886446538762334,-7.518919581601312,-33.297127950774346,74.21733161762039,0.9230437517702501,-0.029124457674800652,-0.15969364428745436,-0.38897225612703323,0.28078719390870366,0.3854901027208121,-12.420830121003066,20.451687276457314,0.0,0.0,0.0,0.0,0.0,0.0,0.0,0.0
0.20000001000000012,1.5912429997876785,-0.14900316880461872,-2.4391231335703143,0.8359379185240999,-0.44520121186001493,-6.132826170794486,1.2686602384425143,21.67110510010408,0.24352052593861373,-1.1716030943594866,0.19835169142278097,-0.8559581716557026,-5.3276981023381875,14.867089687575612,70.60714148881065,-141.14942409688612,0.9077587998045796,-0.14229512214943796,-0.4555134731791952,-0.852184834180548,-1.0597482056105485,2.6599122458409568,16.21153349602379,-25.284665497438695,0.0,0.0,0.0,0.0,0.0,0.0,0.0,0.0
0.20000000999999834,1.4682486913643684,-1.075504484596955,-2.3589571116746804,-0.5567859854819234,0.2510788677371468,13.593296302364898,31.608208877474034,-82.94584460717661,0.009231593771747537,-1.17419624366892,0.3415438113195268,4.2214946055615785,12.381836783493263,-18.96986441324775,-127.00206210077349,221.2264419671317,0.8541312227918637,-0.41959673774327655,-0.789207095347944,0.5418857610697504,4.247377842318672,0.8746322680968842,-19.1869999696467,25.075349963622752,0.0,0.0,0.0,0.0,0.0,0.0,0.0,0.0
0.20000001000000012,1.1600480021987112,-1.9455927575506138,-1.3441049684062527,5.493742135426189,9.584463099530833,-18.151367602246147,-84.51597935432589,157.61751312541352,-0.16972980125377699,-0.4312739625961868,2.7670844074565215,-1.392631752741586,-20.8458604171567,14.457883319251946,182.71497211256926,-297.8883046736425,0.7491473553426348,-0.5529454119494694,0.33328405609969636,2.623940570219162,0.6309080640175008,-1.0864727658944031,15.918491730288242,-46.88350949453718,0.0,0.0,0.0,0.0,0.0,0.0,0.0,0.0
0.20000000999999834,0.7672503563077842,-1.7541518081543472,1.8311082683994362,1.2047890067398939,-15.143587799385964,12.828176395356289,136.14855002795355,-239.02426650865704,-0.17728833584300185,0.17439831859428523,0.4684794525235246,0.26648451081213537,19.832280036252236,-16.510340182406264,-234.32867525191583,396.37496456990493,0.6739616150843939,-0.08370191249196068,2.03913520851468,2.615559898953299,-4.031853389923705,-21.36643366077858,-49.718424816169644,153.833175905905,0.0,0.0,0.0,0.0,0.0,0.0,0.0,0.0
0.20000000999999834,0.484831898974168,-1.1047808415957507,1.6070969205408054,2.619598903238258,12.44692276262228,-24.573959392608426,-198.48543977111294,397.55094610961953,-0.10501270816750796,0.6239834303885308,1.107041535960142,-5.7674186091512505,-26.290273456566037,35.25023906148175,320.59630283374014,-598.4448792630457,0.7452099885780865,0.7193264836068739,0.7720281330389144,-8.496786883395496,-12.156050278616508,48.19133429547922,165.64803215171446,-390.76148652273145,0.0,0.0,0.0,0.0,0.0,0.0,0.0,0.0
0.20000001000000012,0.3535533905932736,-0.14886953007258635,2.108092575036287,-6.747264821107869,-19.904032026469398,71.18632919836054,358.08591242813924,-1126.746165202846,4.163336342344337e-17,0.16286452568179335,-2.170294302337011,5.082954814983414,33.75317697989199,-82.72792729144022,-517.2265697996761,1495.7486304583874,0.8535533905932736,0.14804341124594042,-2.038553567742296,5.675949551339568,26.010883022319877,-81.27069878854874,-381.41807612499116,1197.3306014383186,0.0,0.0,0.0,0.0,0.0,0.0,0.0,0.0
