t,posx,posy,posz,velx,vely,velz,accx,accy,accz,jerkx,jerky,jerkz,snapx,snapy,snapz
0.000000000000000000e+00,-3.668201106784562543e-02,1.230119326894770354e-01,9.832416523210276704e-01,0.000000000000000000e+00,0.000000000000000000e+00,0.000000000000000000e+00,0.000000000000000000e+00,0.000000000000000000e+00,0.000000000000000000e+00,0.000000000000000000e+00,0.000000000000000000e+00,0.000000000000000000e+00,0.000000000000000000e+00,0.000000000000000000e+00,0.000000000000000000e+00
2.000000099998414105e-01,-3.668201106784562543e-02,1.230119326894770354e-01,9.832416523210275594e-01,0.000000000000000000e+00,0.000000000000000000e+00,0.000000000000000000e+00,-5.613930617411338900e-04,9.392769202414161245e-02,-1.678285599944404904e-01,0.000000000000000000e+00,0.000000000000000000e+00,0.000000000000000000e+00,0.000000000000000000e+00,0.000000000000000000e+00,0.000000000000000000e+00
4.000000199996828210e-01,-3.668201106784562543e-02,1.230119326894770354e-01,9.832416523210276704e-01,-1.122786179620683555e-04,1.878553934409034690e-02,-3.356571367714708543e-02,6.597680263581018854e-03,1.641487337411390302e-01,-3.694068512764678291e-01,0.000000000000000000e+00,0.000000000000000000e+00,0.000000000000000000e+00,0.000000000000000000e+00,0.000000000000000000e+00,0.000000000000000000e+00
6.000000299995242869e-01,-3.670446679256079980e-02,1.267690407461475322e-01,9.765285092499463859e-01,1.207257500729891570e-03,5.161528773377946355e-02,-1.074470876264505687e-01,1.742535574701546686e-02,2.260118619095014825e-01,-5.091232663259265268e-01,0.000000000000000000e+00,0.000000000000000000e+00,0.000000000000000000e+00,0.000000000000000000e+00,0.000000000000000000e+00,0.000000000000000000e+00
8.000000399993656419e-01,-3.646301528034244510e-02,1.370920988090481019e-01,9.550390906502024269e-01,4.692328824383779073e-03,9.681766237576253098e-02,-2.092717459827878046e-01,3.573032069757608314e-02,2.654649975942999784e-01,-6.133481639774865934e-01,0.000000000000000000e+00,0.000000000000000000e+00,0.000000000000000000e+00,0.000000000000000000e+00,0.000000000000000000e+00,0.000000000000000000e+00
1.000000049999206997e+00,-3.552454946854314427e-02,1.564556322523618925e-01,9.131847393609606733e-01,1.183839332119653552e-02,1.499106645492303824e-01,-3.319413849116694681e-01,5.953885737457823013e-02,2.880988989475959938e-01,-6.423415014113559307e-01,0.000000000000000000e+00,0.000000000000000000e+00,0.000000000000000000e+00,0.000000000000000000e+00,0.000000000000000000e+00,0.000000000000000000e+00
1.200000059999048574e+00,-3.315687068592178266e-02,1.864377666612908324e-01,8.467964590592655938e-01,2.374616539149131123e-02,2.075304472196928818e-01,-4.604096916172538134e-01,8.959651722643978411e-02,2.868510265124788461e-01,-6.113968239018691131e-01,0.000000000000000000e+00,0.000000000000000000e+00,0.000000000000000000e+00,0.000000000000000000e+00,0.000000000000000000e+00,0.000000000000000000e+00
1.400000069998889929e+00,-2.840763737016563373e-02,2.279438581805009467e-01,7.547145161317908579e-01,4.166546973273023424e-02,2.649006553906533834e-01,-5.826890625114989897e-01,1.242123185587725442e-01,2.649701067590453096e-01,-5.054614723447763414e-01,0.000000000000000000e+00,0.000000000000000000e+00,0.000000000000000000e+00,0.000000000000000000e+00,0.000000000000000000e+00,0.000000000000000000e+00
1.600000079998731284e+00,-2.007454300697149654e-02,2.809239919075962044e-01,6.381766978026928161e-01,6.650793468658822150e-02,3.178946793921214597e-01,-6.837813620349888488e-01,1.625374547303035933e-01,2.203968301448375744e-01,-3.383701981241548640e-01,0.000000000000000000e+00,0.000000000000000000e+00,0.000000000000000000e+00,0.000000000000000000e+00,0.000000000000000000e+00,0.000000000000000000e+00
1.800000089998572639e+00,-6.772955404585053601e-03,3.445029309649168536e-01,5.014204185579899109e-01,9.901542725799770961e-02,3.619740476250223327e-01,-7.514554050434680832e-01,2.028118454704264939e-01,1.558333220133396035e-01,-1.153260726374864265e-01,0.000000000000000000e+00,0.000000000000000000e+00,0.000000000000000000e+00,0.000000000000000000e+00,0.000000000000000000e+00,0.000000000000000000e+00
2.000000099998413994e+00,1.303013103715305876e-02,4.168977441096043957e-01,3.511293300348614088e-01,1.395777983801692879e-01,3.931407135859987800e-01,-7.745206207242077978e-01,2.434901476579087731e-01,7.354286057856240788e-02,1.455133489684941328e-01,0.000000000000000000e+00,0.000000000000000000e+00,0.000000000000000000e+00,0.000000000000000000e+00,0.000000000000000000e+00,0.000000000000000000e+00
2.200000109998255571e+00,4.094569210894276334e-02,4.955258907581489014e-01,1.962251981449364968e-01,1.882758303466139094e-01,4.078492864371282001e-01,-7.454179494753985225e-01,2.825616019591772887e-01,-2.139661965229345056e-02,4.242256148798829174e-01,0.000000000000000000e+00,0.000000000000000000e+00,0.000000000000000000e+00,0.000000000000000000e+00,0.000000000000000000e+00,0.000000000000000000e+00
2.400000119998097148e+00,7.860086006099398226e-02,5.770957521240026589e-01,4.714160079579554630e-02,2.447881535640205886e-01,4.035699622927067520e-01,-6.605728222572330166e-01,3.174757525579450235e-01,-1.208577021515882671e-01,7.055724154094981104e-01,0.000000000000000000e+00,0.000000000000000000e+00,0.000000000000000000e+00,0.000000000000000000e+00,0.000000000000000000e+00,0.000000000000000000e+00
2.600000129997938281e+00,1.275584932216408118e-01,6.578097486181796461e-01,-8.497297026127459407e-02,3.082833072503167737e-01,3.793984206538312809e-01,-5.194583321197212555e-01,3.477362920101590982e-01,-2.189295888257921374e-01,9.626003285719406666e-01,0.000000000000000000e+00,0.000000000000000000e+00,0.000000000000000000e+00,0.000000000000000000e+00,0.000000000000000000e+00,0.000000000000000000e+00
2.800000139997779858e+00,1.892151577544883279e-01,7.336894365428699993e-01,-1.888646418797196858e-01,3.778305691296563462e-01,3.356125006994116755e-01,-3.269382567794824612e-01,3.715040759830204320e-01,-3.089660652573833488e-01,1.181034394927847231e+00,0.000000000000000000e+00,0.000000000000000000e+00,0.000000000000000000e+00,0.000000000000000000e+00,0.000000000000000000e+00,0.000000000000000000e+00
3.000000149997620991e+00,2.647812753586654133e-01,8.008119400388241660e-01,-2.542522965049470174e-01,4.521313880412423103e-01,2.738192845583233281e-01,-9.073136598375639017e-02,3.932216266608704602e-01,-3.891675759188021888e-01,1.328455999279053668e+00,0.000000000000000000e+00,0.000000000000000000e+00,0.000000000000000000e+00,0.000000000000000000e+00,0.000000000000000000e+00,0.000000000000000000e+00
3.200000159997462568e+00,3.552075574881560227e-01,8.555757996886381722e-01,-2.723985706089974701e-01,5.307757173055702715e-01,1.959857654829488538e-01,1.749598471564036417e-01,4.095670669405579445e-01,-4.585028211608352389e-01,1.410520614949875240e+00,0.000000000000000000e+00,0.000000000000000000e+00,0.000000000000000000e+00,0.000000000000000000e+00,0.000000000000000000e+00,0.000000000000000000e+00
3.400000169997304145e+00,4.613627062569430892e-01,8.947729547450545828e-01,-2.374065994281461256e-01,6.126891347892875483e-01,1.042851966658263074e-01,4.570639842513611328e-01,4.377430276208795212e-01,-5.139526608723612444e-01,1.370446956442050501e+00,0.000000000000000000e+00,0.000000000000000000e+00,0.000000000000000000e+00,0.000000000000000000e+00,0.000000000000000000e+00,0.000000000000000000e+00
3.600000179997145278e+00,5.839005393415946932e-01,9.156299951210552512e-01,-1.459937980073064967e-01,7.002377446908243375e-01,1.494659351908954196e-03,7.311533892440233995e-01,4.499194953149850407e-01,-5.549796756961133948e-01,1.251674822909450757e+00,0.000000000000000000e+00,0.000000000000000000e+00,0.000000000000000000e+00,0.000000000000000000e+00,0.000000000000000000e+00,0.000000000000000000e+00
3.800000189996986855e+00,7.239480952820259718e-01,9.159289270063833976e-01,2.368871529161431511e-04,7.902216482529449415e-01,-1.095012813370224714e-01,9.814883663424632809e-01,4.568846765370485064e-01,-5.572713799887523134e-01,1.019227040398739348e+00,0.000000000000000000e+00,0.000000000000000000e+00,0.000000000000000000e+00,0.000000000000000000e+00,0.000000000000000000e+00,0.000000000000000000e+00
4.000000199996827988e+00,8.819924328347061859e-01,8.940286696439833092e-01,1.965345702361367686e-01,8.815985881291289461e-01,-2.209555629073983729e-01,1.185333784614319708e+00,3.520317765840426660e-01,-4.922736801926979044e-01,8.505207532614578181e-01,0.000000000000000000e+00,0.000000000000000000e+00,0.000000000000000000e+00,0.000000000000000000e+00,0.000000000000000000e+00,0.000000000000000000e+00
4.200000209996670009e+00,1.058312159276378228e+00,8.498375548529831791e-01,4.336013390121505884e-01,9.520049469661994168e-01,-3.194103038685966456e-01,1.355437943771683917e+00,1.425249221999709270e-01,-2.889085090409433398e-01,7.197891285584152588e-01,0.000000000000000000e+00,0.000000000000000000e+00,0.000000000000000000e+00,0.000000000000000000e+00,0.000000000000000000e+00,0.000000000000000000e+00
4.400000219996511142e+00,1.248713158189516337e+00,7.859554908852114385e-01,7.046889413206518515e-01,9.805099328314201834e-01,-3.771920085658245769e-01,1.499395776681144099e+00,-2.892646442756195424e-01,6.299690259941582993e-02,7.072828024774610034e-01,0.000000000000000000e+00,0.000000000000000000e+00,0.000000000000000000e+00,0.000000000000000000e+00,0.000000000000000000e+00,0.000000000000000000e+00
4.600000229996352274e+00,1.444815154560744164e+00,7.105170854001864322e-01,1.004568111650600448e+00,9.226570010836957492e-01,-3.645926274159823621e-01,1.640852344249352335e+00,-8.568811288197095699e-01,6.385933670054407818e-01,6.450822994159076673e-01,0.000000000000000000e+00,0.000000000000000000e+00,0.000000000000000000e+00,0.000000000000000000e+00,0.000000000000000000e+00,0.000000000000000000e+00
4.800000239996194296e+00,1.629346564003907094e+00,6.375985562711214971e-01,1.332738596908734197e+00,7.512807667510785770e-01,-2.368739476290618318e-01,1.769868810583254515e+00,-1.376740793900349091e+00,1.188903302236558268e+00,5.931813548830471294e-01,0.000000000000000000e+00,0.000000000000000000e+00,0.000000000000000000e+00,0.000000000000000000e+00,0.000000000000000000e+00,0.000000000000000000e+00
5.000000249996035429e+00,1.779602724866811148e+00,5.902237643766070629e-01,1.686712376723792595e+00,4.759325942038191148e-01,9.067247070942935187e-04,1.888505087491583412e+00,-1.415909729111802129e+00,1.733103123444835081e+00,2.949564059668425275e-01,0.000000000000000000e+00,0.000000000000000000e+00,0.000000000000000000e+00,0.000000000000000000e+00,0.000000000000000000e+00,0.000000000000000000e+00
5.200000259995876561e+00,1.874789248466825375e+00,5.904051093270930028e-01,2.064413413106860773e+00,1.927506342225859537e-01,3.475273667268176658e-01,1.947496371634469314e+00,-4.247033137061605457e-01,2.307690450568475882e+00,-6.081471049500164483e-01,0.000000000000000000e+00,0.000000000000000000e+00,0.000000000000000000e+00,0.000000000000000000e+00,0.000000000000000000e+00,0.000000000000000000e+00
5.400000269995717694e+00,1.913339377238818528e+00,6.599105861476750601e-01,2.453912706908409458e+00,1.078099672343880711e-01,8.090654799170513556e-01,1.825866944563091288e+00,2.234547038834188815e+00,-4.378025554341403169e-01,-2.246772009171251749e-01,0.000000000000000000e+00,0.000000000000000000e+00,0.000000000000000000e+00,0.000000000000000000e+00,0.000000000000000000e+00,0.000000000000000000e+00
5.600000279995559715e+00,1.934901371763778410e+00,8.217236902216118466e-01,2.819086114079407679e+00,5.547193973463419026e-01,7.215049644522671946e-01,1.780931502132930166e+00,3.866223596161758813e+00,-2.809213793675830129e+00,-1.469909240127775574e+00,0.000000000000000000e+00,0.000000000000000000e+00,0.000000000000000000e+00,0.000000000000000000e+00,0.000000000000000000e+00,0.000000000000000000e+00
5.800000289995400848e+00,2.045845256780153054e+00,9.660246903270004459e-01,3.175272432315025650e+00,1.327964155240316524e+00,1.596621776254087688e-01,1.486949639408515544e+00,2.784090966822085456e+00,-7.183548925209102265e-01,-4.090575018797570905e+00,0.000000000000000000e+00,0.000000000000000000e+00,0.000000000000000000e+00,0.000000000000000000e+00,0.000000000000000000e+00,0.000000000000000000e+00
6.000000299995241981e+00,2.311438101107647025e+00,9.979571274486787047e-01,3.472662375065989959e+00,1.884782376445201635e+00,1.599119193779172457e-02,6.688345947439000572e-01,5.647710536472868581e-01,3.806714830720848153e-01,-3.225710159639682217e+00,0.000000000000000000e+00,0.000000000000000000e+00,0.000000000000000000e+00,0.000000000000000000e+00,0.000000000000000000e+00,0.000000000000000000e+00
6.200000309995084002e+00,2.688394595244212315e+00,1.001155365996146518e+00,3.606429300703009488e+00,1.997736592822279889e+00,9.212549235886315080e-02,2.369253055937358549e-02,-8.948032002692357656e-01,5.463070378505320290e-01,-2.059858203195959359e+00,0.000000000000000000e+00,0.000000000000000000e+00,0.000000000000000000e+00,0.000000000000000000e+00,0.000000000000000000e+00,0.000000000000000000e+00
6.400000319994925135e+00,3.087941933785717463e+00,1.019580465389159363e+00,3.611167807051805845e+00,1.818775943820542640e+00,2.013869053919532803e-01,-3.882791306780735696e-01,-1.774280507870388934e+00,2.214636236053641738e-01,-1.994820761187402480e+00,0.000000000000000000e+00,0.000000000000000000e+00,0.000000000000000000e+00,0.000000000000000000e+00,0.000000000000000000e+00,0.000000000000000000e+00
6.600000329994766268e+00,3.451697140737297165e+00,1.059857848481387199e+00,3.533511977033461093e+00,1.463919824503941314e+00,2.456796323276272398e-01,-7.872433028634453489e-01,-2.205956302467258379e+00,-9.387241939518053968e-02,-1.787562682051781149e+00,0.000000000000000000e+00,0.000000000000000000e+00,0.000000000000000000e+00,0.000000000000000000e+00,0.000000000000000000e+00,0.000000000000000000e+00
6.800000339994608289e+00,3.744481120277051378e+00,1.108993777403670000e+00,3.376063308588464373e+00,1.022728541951276382e+00,2.269051475098818327e-01,-1.144755857149144962e+00,-2.268042043555530629e+00,-3.991156263286524397e-01,-1.595159132406204661e+00,0.000000000000000000e+00,0.000000000000000000e+00,0.000000000000000000e+00,0.000000000000000000e+00,0.000000000000000000e+00,0.000000000000000000e+00
7.000000349994449422e+00,3.949026838894429403e+00,1.154374809174661953e+00,3.147112125711258201e+00,5.691201105601094712e-01,1.470820182530583886e-01,-1.463787699581724056e+00,-2.089084577382247954e+00,-5.932821509286856365e-01,-1.191951243839247443e+00,0.000000000000000000e+00,0.000000000000000000e+00,0.000000000000000000e+00,0.000000000000000000e+00,0.000000000000000000e+00,0.000000000000000000e+00
7.200000359994290555e+00,4.062850866697562680e+00,1.183791214296070260e+00,2.854354571157268872e+00,1.513031741931455398e-01,2.842558213459385821e-02,-1.702177960268896895e+00,-1.723790361313823238e+00,-7.062926284516509723e-01,-6.569149537669500827e-01,0.000000000000000000e+00,0.000000000000000000e+00,0.000000000000000000e+00,0.000000000000000000e+00,0.000000000000000000e+00,0.000000000000000000e+00
7.400000369994132576e+00,4.093111503049199129e+00,1.189476331007240484e+00,2.513918962081979291e+00,-1.934549153072493421e-01,-1.128329506185506009e-01,-1.833560957591332308e+00,-1.195971980450972749e+00,-8.042689269761895687e-01,-1.882379479524030064e-01,0.000000000000000000e+00,0.000000000000000000e+00,0.000000000000000000e+00,0.000000000000000000e+00,0.000000000000000000e+00,0.000000000000000000e+00
7.600000379993973709e+00,4.054420518053230893e+00,1.166909739755218833e+00,2.147206752228393967e+00,-4.326493233569739805e-01,-2.736867440563502396e-01,-1.871208549064162563e+00,-5.408687149707767094e-01,-9.184481328842902803e-01,6.128283378558713884e-02,0.000000000000000000e+00,0.000000000000000000e+00,0.000000000000000000e+00,0.000000000000000000e+00,0.000000000000000000e+00,0.000000000000000000e+00
7.800000389993814842e+00,3.967890649055412222e+00,1.112172388207124829e+00,1.772965023703773291e+00,-5.408230717597306558e-01,-4.573763798175439765e-01,-1.858951981694226596e+00,1.328596554610201597e-01,-9.992095641616652868e-01,2.068431222257275659e-01,0.000000000000000000e+00,0.000000000000000000e+00,0.000000000000000000e+00,0.000000000000000000e+00,0.000000000000000000e+00,0.000000000000000000e+00
8.000000399993655975e+00,3.859726029295320160e+00,1.020697107669924497e+00,1.401174608775702657e+00,-5.142511393389511687e-01,-6.572183026418141338e-01,-1.817583355180682592e+00,7.135997964567378782e-01,-1.022211439886271833e+00,2.568568811759803783e-01,0.000000000000000000e+00,0.000000000000000000e+00,0.000000000000000000e+00,0.000000000000000000e+00,0.000000000000000000e+00,0.000000000000000000e+00
8.200000409993497996e+00,3.756875796285100488e+00,8.892534405694829669e-01,1.037657919564020981e+00,-3.715311729117187767e-01,-8.616606008410208073e-01,-1.766211976376958370e+00,1.143029425968211887e+00,-9.676433837213810341e-01,3.894580160894028920e-01,0.000000000000000000e+00,0.000000000000000000e+00,0.000000000000000000e+00,0.000000000000000000e+00,0.000000000000000000e+00,0.000000000000000000e+00
8.400000419993340017e+00,3.682569557987504183e+00,7.169213117848094452e-01,6.844155066267896270e-01,-1.429252762879634209e-01,-1.055189287261577347e+00,-1.688320369264559417e+00,1.368955105031115060e+00,-8.352803546024977210e-01,7.087097294752419119e-01,0.000000000000000000e+00,0.000000000000000000e+00,0.000000000000000000e+00,0.000000000000000000e+00,0.000000000000000000e+00,0.000000000000000000e+00
8.600000429993180262e+00,3.653984501300681309e+00,5.058834437807685491e-01,3.467514158909419386e-01,1.308657584075935409e-01,-1.222245366534747912e+00,-1.546578416282526014e+00,1.320465607630453730e+00,-6.625177150035456153e-01,1.186246893300431093e+00,0.000000000000000000e+00,0.000000000000000000e+00,0.000000000000000000e+00,0.000000000000000000e+00,0.000000000000000000e+00,0.000000000000000000e+00
8.800000439993022283e+00,3.680157654290836522e+00,2.614343582515591402e-01,3.743571716889781964e-02,3.949588931381309842e-01,-1.354748916160529060e+00,-1.309329025760159082e+00,9.636103352297361591e-01,-4.833105482271042308e-01,1.721522882784475295e+00,0.000000000000000000e+00,0.000000000000000000e+00,0.000000000000000000e+00,0.000000000000000000e+00,0.000000000000000000e+00,0.000000000000000000e+00
9.000000449992864304e+00,3.759149436867989635e+00,-9.515438527821051817e-03,-2.244301010762165816e-01,5.876809698200287091e-01,-1.451411030638978916e+00,-9.650244319883082289e-01,3.623733754015296959e-01,-2.985462934595441986e-01,2.196229511197848261e+00,0.000000000000000000e+00,0.000000000000000000e+00,0.000000000000000000e+00,0.000000000000000000e+00,0.000000000000000000e+00,0.000000000000000000e+00
9.200000459992704549e+00,3.876685636708711691e+00,-2.997976591694969661e-01,-4.174349971239694757e-01,6.601556485240109851e-01,-1.511120292316303404e+00,-5.257785077867916934e-01,-3.259300769276675114e-01,-1.208299887345672258e-01,2.545220181409258320e+00,0.000000000000000000e+00,0.000000000000000000e+00,0.000000000000000000e+00,0.000000000000000000e+00,0.000000000000000000e+00,0.000000000000000000e+00
9.400000469992546570e+00,4.008716773014965540e+00,-6.020217327437209498e-01,-5.225907039390293995e-01,5.949696298792284122e-01,-1.535286291271497516e+00,-1.673444605314184513e-02,-9.252667900838791315e-01,9.092941517658699457e-02,2.521043118122138438e+00,0.000000000000000000e+00,0.000000000000000000e+00,0.000000000000000000e+00,0.000000000000000000e+00,0.000000000000000000e+00,0.000000000000000000e+00
9.600000479992388591e+00,4.127710704940413144e+00,-9.090790063506397622e-01,-5.259375933169996298e-01,4.099162626099314144e-01,-1.517100407326900324e+00,4.874742027813172007e-01,-1.018245742137938503e+00,1.342565025638397247e-01,2.141527775146933266e+00,0.000000000000000000e+00,0.000000000000000000e+00,0.000000000000000000e+00,0.000000000000000000e+00,0.000000000000000000e+00,0.000000000000000000e+00
9.800000489992228836e+00,4.209693961561496778e+00,-1.212499102986783317e+00,-4.284427478860715066e-01,2.062671040000477463e-01,-1.490249105471588731e+00,9.157797792256419100e-01,-4.675374983173596344e-01,6.600311711181174046e-02,1.203218055498223471e+00,0.000000000000000000e+00,0.000000000000000000e+00,0.000000000000000000e+00,0.000000000000000000e+00,0.000000000000000000e+00,0.000000000000000000e+00
1.000000049999207086e+01,4.250947384424144992e+00,-1.510548938983355960e+00,-2.452867828832905883e-01,1.127595996612749951e-01,-1.477048481389205747e+00,1.156423402357276364e+00,9.231360053188879533e-01,-4.678712622094273743e-01,1.286476333440148556e-01,0.000000000000000000e+00,0.000000000000000000e+00,0.000000000000000000e+00,0.000000000000000000e+00,0.000000000000000000e+00,0.000000000000000000e+00
1.020000050999191110e+01,4.273499305483977828e+00,-1.805958650031447510e+00,-1.400209084778469837e-02,2.973868099562662071e-01,-1.570622738509729555e+00,1.182152930312535322e+00,2.596056716758967209e+00,3.060162127438860735e-01,-1.556859139994470231e+00,0.000000000000000000e+00,0.000000000000000000e+00,0.000000000000000000e+00,0.000000000000000000e+00,0.000000000000000000e+00,0.000000000000000000e+00
1.040000051999175312e+01,4.332976670449051326e+00,-2.120083213439371672e+00,2.224285070360642047e-01,8.165981792682150964e-01,-1.509419492900838655e+00,8.707810867452967507e-01,3.421698337206929619e+00,1.359187552781235597e+00,-2.032395130756649682e+00,0.000000000000000000e+00,0.000000000000000000e+00,0.000000000000000000e+00,0.000000000000000000e+00,0.000000000000000000e+00,0.000000000000000000e+00
1.060000052999159514e+01,4.496296314468548161e+00,-2.421967127113495266e+00,3.965847330927963488e-01,1.500937880926041856e+00,-1.237581968752931694e+00,4.643020402703379457e-01,2.078729492565322357e+00,3.390986425680764693e+00,-1.742457795298236300e+00,0.000000000000000000e+00,0.000000000000000000e+00,0.000000000000000000e+00,0.000000000000000000e+00,0.000000000000000000e+00,0.000000000000000000e+00
1.080000053999143539e+01,4.796483905662896952e+00,-2.669483533239704443e+00,4.894451457898106872e-01,1.916683800226071543e+00,-5.593846497074522750e-01,1.158104637863890674e-01,-3.446668897168692514e+00,-9.359325021451322391e-01,3.499214785221479662e+00,0.000000000000000000e+00,0.000000000000000000e+00,0.000000000000000000e+00,0.000000000000000000e+00,0.000000000000000000e+00,0.000000000000000000e+00
1.100000054999127741e+01,5.179820684874644421e+00,-2.781360468774953354e+00,5.126072397051747442e-01,1.227349986326190745e+00,-7.465711594956553343e-01,8.156534558222778841e-01,-8.966829191673997279e-01,-4.295902990449826930e-01,-2.968175466677557495e+00,0.000000000000000000e+00,0.000000000000000000e+00,0.000000000000000000e+00,0.000000000000000000e+00,0.000000000000000000e+00,0.000000000000000000e+00
1.120000055999111943e+01,5.425290694413187786e+00,-2.930674708139676898e+00,6.757379390260355168e-01,1.048013393526023851e+00,-8.324892236004867163e-01,2.220183328054823602e-01,-2.762783481760697768e+00,4.298859595591595362e-01,-4.145144839866586217e+00,0.000000000000000000e+00,0.000000000000000000e+00,0.000000000000000000e+00,0.000000000000000000e+00,0.000000000000000000e+00,0.000000000000000000e+00
1.140000056999095968e+01,5.634893383598361005e+00,-3.097172561184534878e+00,7.201416078072799820e-01,4.954566695464875936e-01,-7.465120273898634418e-01,-6.070106766186258440e-01,1.046592904274274094e+00,1.194891074297593558e+00,-4.740978681126275518e+00,0.000000000000000000e+00,0.000000000000000000e+00,0.000000000000000000e+00,0.000000000000000000e+00,0.000000000000000000e+00,0.000000000000000000e+00
1.160000057999080170e+01,5.733984722462146522e+00,-3.246474974127509405e+00,5.987394664135443634e-01,7.047752608671055130e-01,-5.075338005816234510e-01,-1.555206460252915646e+00,2.042757820033233251e+00,1.153978589336340566e+00,-4.153036521692290428e-01,0.000000000000000000e+00,0.000000000000000000e+00,0.000000000000000000e+00,0.000000000000000000e+00,0.000000000000000000e+00,0.000000000000000000e+00
1.180000058999064372e+01,5.874939781683207407e+00,-3.347981739319091599e+00,2.876981588111433563e-01,1.113326845301006340e+00,-2.767380711747524646e-01,-1.638267194839732044e+00,2.227402822295867224e-01,1.131116986830976279e+00,1.868154552888805053e+00,0.000000000000000000e+00,0.000000000000000000e+00,0.000000000000000000e+00,0.000000000000000000e+00,0.000000000000000000e+00,0.000000000000000000e+00
1.200000059999048396e+01,6.097605161876501256e+00,-3.403329356321378896e+00,-3.995529653921514601e-02,1.157874903974291048e+00,-5.051466249756672577e-02,-1.264636265580721952e+00,-1.060171363940145550e+00,1.019186915176198305e+00,2.883272098850118148e+00,0.000000000000000000e+00,0.000000000000000000e+00,0.000000000000000000e+00,0.000000000000000000e+00,0.000000000000000000e+00,0.000000000000000000e+00
1.220000060999032598e+01,6.329180154249924861e+00,-3.413432289326030489e+00,-2.928825623015215984e-01,9.458406205847165182e-01,1.533227307293804631e-01,-6.879818169784345239e-01,-1.655381801306595069e+00,1.201782118284683731e+00,2.644204547980731679e+00,0.000000000000000000e+00,0.000000000000000000e+00,0.000000000000000000e+00,0.000000000000000000e+00,0.000000000000000000e+00,0.000000000000000000e+00
1.240000061999016800e+01,6.518348287825124210e+00,-3.382767741646951709e+00,-4.304789325769175501e-01,6.147642437698420670e-01,3.936791664039478444e-01,-1.591408809406620606e-01,-1.601712154005188404e+00,1.546909374902903034e+00,2.194744478078531014e+00,0.000000000000000000e+00,0.000000000000000000e+00,0.000000000000000000e+00,0.000000000000000000e+00,0.000000000000000000e+00,0.000000000000000000e+00
1.260000062999000825e+01,6.641301142726637963e+00,-3.304031904429432842e+00,-4.623071103564335149e-01,2.944217969519368205e-01,7.030610568533768312e-01,2.798080366221408211e-01,-1.114169472470879940e+00,1.666761874191552861e+00,2.079751458290203470e+00,0.000000000000000000e+00,0.000000000000000000e+00,0.000000000000000000e+00,0.000000000000000000e+00,0.000000000000000000e+00,0.000000000000000000e+00
1.280000063998985027e+01,6.700185505061196700e+00,-3.163419686028258404e+00,-4.063455002339693700e-01,7.158789131624282431e-02,1.036413448359041700e+00,6.957583490773663337e-01,-5.957598840989186684e-01,1.309009252705815918e+00,1.837458045634335901e+00,0.000000000000000000e+00,0.000000000000000000e+00,0.000000000000000000e+00,0.000000000000000000e+00,0.000000000000000000e+00,0.000000000000000000e+00
1.300000064998969229e+01,6.714503084040313041e+00,-2.956136985992479982e+00,-2.671938234610229390e-01,-4.756409146104527419e-02,1.298215311990089660e+00,1.063249976578522382e+00,-2.707495792997934303e-01,5.985346913639965072e-01,1.173687495132189618e+00,0.000000000000000000e+00,0.000000000000000000e+00,0.000000000000000000e+00,0.000000000000000000e+00,0.000000000000000000e+00,0.000000000000000000e+00
1.320000065998953254e+01,6.704990265272470218e+00,-2.696493910612514533e+00,-5.454381751298736924e-02,-1.017140100284568138e-01,1.417922256248141055e+00,1.297987487341649260e+00,-1.110091695304735726e-01,-6.743586617891067503e-02,6.026764455234051576e-01,0.000000000000000000e+00,0.000000000000000000e+00,0.000000000000000000e+00,0.000000000000000000e+00,0.000000000000000000e+00,0.000000000000000000e+00
1.340000066998937456e+01,6.684647462249654559e+00,-2.412909445183888835e+00,2.050536929350114945e-01,-1.239158450446256193e-01,1.404435082338010954e+00,1.418522782472999344e+00,-1.392031362027866537e-01,-3.659609559141553947e-01,3.316068561373913259e-01,0.000000000000000000e+00,0.000000000000000000e+00,0.000000000000000000e+00,0.000000000000000000e+00,0.000000000000000000e+00,0.000000000000000000e+00
1.360000067998921658e+01,6.659864292001590691e+00,-2.132022414672158916e+00,4.887582636146142190e-01,-1.517564736771922218e-01,1.331242887495628358e+00,1.484844157016493638e+00,-4.631015362370023009e-02,-5.412269935539747445e-01,4.471666025874888040e-01,0.000000000000000000e+00,0.000000000000000000e+00,0.000000000000000000e+00,0.000000000000000000e+00,0.000000000000000000e+00,0.000000000000000000e+00
1.380000068998905682e+01,6.629512995748612525e+00,-1.865773823860815472e+00,7.857271098661190445e-01,-1.610185048650264461e-01,1.222997483372649352e+00,1.574277482005586259e+00,6.015488291559853429e-02,-7.766830301318468077e-01,4.511420150914649541e-01,0.000000000000000000e+00,0.000000000000000000e+00,0.000000000000000000e+00,0.000000000000000000e+00,0.000000000000000000e+00,0.000000000000000000e+00
1.400000069998889884e+01,6.597309293165446675e+00,-1.621174314956504547e+00,1.100582622009761202e+00,-1.489875276803674653e-01,1.067660869579572847e+00,1.664505889535228045e+00,6.555716595981270212e-01,-9.461008537774976412e-01,6.608196029130928295e-01,0.000000000000000000e+00,0.000000000000000000e+00,0.000000000000000000e+00,0.000000000000000000e+00,0.000000000000000000e+00,0.000000000000000000e+00
1.420000070998874087e+01,6.567511786139522023e+00,-1.407642130364150646e+00,1.433483816561601953e+00,-1.787318920512943887e-02,8.784406893632147328e-01,1.796669816725937618e+00,1.035251703410086765e+00,-1.163680658160650028e+00,2.747532315739900644e-01,0.000000000000000000e+00,0.000000000000000000e+00,0.000000000000000000e+00,0.000000000000000000e+00,0.000000000000000000e+00,0.000000000000000000e+00
1.440000071998858111e+01,6.563937148119767251e+00,-1.231953983707239741e+00,1.792817797873202723e+00,1.891771618292407420e-01,6.457045460944628168e-01,1.851620465788224479e+00,1.946304817801186138e+00,-1.281363497668262852e+00,-5.580817219113815009e-01,0.000000000000000000e+00,0.000000000000000000e+00,0.000000000000000000e+00,0.000000000000000000e+00,0.000000000000000000e+00,0.000000000000000000e+00
1.460000072998842313e+01,6.601772582377356535e+00,-1.102813068031404331e+00,2.163141909546758335e+00,5.784381448522174507e-01,3.894318337473784974e-01,1.740004115825219300e+00,2.490572950855583834e+00,-1.407453666668359693e+00,-2.222669807187255486e+00,0.000000000000000000e+00,0.000000000000000000e+00,0.000000000000000000e+00,0.000000000000000000e+00,0.000000000000000000e+00,0.000000000000000000e+00
1.480000073998826515e+01,6.717460217132089184e+00,-1.024926697387672059e+00,2.511142750111567512e+00,1.076552759928668834e+00,1.079410863393930747e-01,1.295470132161422594e+00,3.692332952223715825e+00,-4.563166203422024947e-01,-2.277866916651294815e+00,0.000000000000000000e+00,0.000000000000000000e+00,0.000000000000000000e+00,0.000000000000000000e+00,0.000000000000000000e+00,0.000000000000000000e+00
1.500000074998810540e+01,6.932770779883180801e+00,-1.003338479040399633e+00,2.770236789498347729e+00,1.815019387296155973e+00,1.667775770785874870e-02,8.398967260528558132e-01,8.990724112589286721e-01,-8.453220289834191548e-02,-4.917776233171905709e+00,0.000000000000000000e+00,0.000000000000000000e+00,0.000000000000000000e+00,0.000000000000000000e+00,0.000000000000000000e+00,0.000000000000000000e+00
1.520000075998794742e+01,7.295774675492316952e+00,-1.000002927332053426e+00,2.938216143107753364e+00,1.994833878538523120e+00,-2.286837171182528878e-04,-1.436585697585076316e-01,-4.966918540530829596e+00,2.626495413774286858e-01,-5.106228293754289105e-01,0.000000000000000000e+00,0.000000000000000000e+00,0.000000000000000000e+00,0.000000000000000000e+00,0.000000000000000000e+00,0.000000000000000000e+00
1.540000076998778944e+01,7.694741471148044631e+00,-1.000048664077763494e+00,2.909484427719488675e+00,1.001450120763959450e+00,5.230122718482124733e-02,-2.457831407397407519e-01,-1.941948782318218436e+00,3.116243653927750046e+00,1.055844169109957820e+00,0.000000000000000000e+00,0.000000000000000000e+00,0.000000000000000000e+00,0.000000000000000000e+00,0.000000000000000000e+00,0.000000000000000000e+00
1.560000077998762968e+01,7.895031505315179388e+00,-9.895884181177954098e-01,2.860327797113748183e+00,6.130603448811361433e-01,6.755499891323135664e-01,-3.461429635947495254e-02,-2.436410427865781880e+00,7.454333686101021206e-01,-3.867610843210195881e+00,0.000000000000000000e+00,0.000000000000000000e+00,0.000000000000000000e+00,0.000000000000000000e+00,0.000000000000000000e+00,0.000000000000000000e+00
1.580000078998747171e+01,8.017643580421912830e+00,-8.544784135359398958e-01,2.853404937495715998e+00,1.257782349442618242e-01,8.246366703085494798e-01,-8.081365036770091770e-01,-8.616617346672425515e-02,-2.132977072781481187e+00,-7.568924148175874000e-01,0.000000000000000000e+00,0.000000000000000000e+00,0.000000000000000000e+00,0.000000000000000000e+00,0.000000000000000000e+00,0.000000000000000000e+00
1.600000079998731195e+01,8.042799228668526368e+00,-6.895510712279940835e-01,2.691777628679076884e+00,1.085449993892688980e-01,3.980412344228207999e-01,-9.595149942093308404e-01,1.715044089913153380e+00,-4.088837461945696305e-01,5.172712548189588588e-01,0.000000000000000000e+00,0.000000000000000000e+00,0.000000000000000000e+00,0.000000000000000000e+00,0.000000000000000000e+00,0.000000000000000000e+00
1.620000080998715575e+01,8.064508229631814018e+00,-6.099428203630806733e-01,2.499874620242213297e+00,4.515538345220684868e-01,3.162644810951342755e-01,-8.560607380729085003e-01,1.993694855324544379e+00,-3.218966765806865592e-03,-1.074108542087149010e+00,0.000000000000000000e+00,0.000000000000000000e+00,0.000000000000000000e+00,0.000000000000000000e+00,0.000000000000000000e+00,0.000000000000000000e+00
1.640000081998699599e+01,8.154819001051695437e+00,-5.466899209814592986e-01,2.328662464067159377e+00,8.502928255236096300e-01,3.156206877097837427e-01,-1.070882457231253415e+00,1.233812327490746652e+00,-3.995141156200628374e-01,-1.819159527337243620e+00,0.000000000000000000e+00,0.000000000000000000e+00,0.000000000000000000e+00,0.000000000000000000e+00,0.000000000000000000e+00,0.000000000000000000e+00
1.660000082998683624e+01,8.324877574659209856e+00,-4.835657802833456254e-01,2.114485961912254464e+00,1.097055303359686595e+00,2.357178605906933844e-01,-1.434714380890008689e+00,-5.369132160835772549e-02,-6.996620905626000919e-01,-1.002618362995696843e+00,0.000000000000000000e+00,0.000000000000000000e+00,0.000000000000000000e+00,0.000000000000000000e+00,0.000000000000000000e+00,0.000000000000000000e+00
1.680000083998668003e+01,8.544288646301524182e+00,-4.364222058080656774e-01,1.827543071387336182e+00,1.086317038501110277e+00,9.578543548166341959e-02,-1.635238063515172646e+00,-1.241547306332362766e+00,-9.993978871485947879e-01,-8.887250184322500468e-01,0.000000000000000000e+00,0.000000000000000000e+00,0.000000000000000000e+00,0.000000000000000000e+00,0.000000000000000000e+00,0.000000000000000000e+00
1.700000084998652028e+01,8.761552064864746470e+00,-4.172651177538939105e-01,1.500495442332180573e+00,8.380075648193615612e-01,-1.040941519418759065e-01,-1.812983076088731771e+00,-1.854666979456167208e+00,-6.789273275013073539e-01,-5.829122660489511887e-01,0.000000000000000000e+00,0.000000000000000000e+00,0.000000000000000000e+00,0.000000000000000000e+00,0.000000000000000000e+00,0.000000000000000000e+00
1.720000085998636052e+01,8.929153586208562032e+00,-4.380839491831940991e-01,1.137898808984890930e+00,4.670741503817524842e-01,-2.398796242313029625e-01,-1.929565535127552245e+00,-1.954849725922400028e+00,-2.101720539677596755e-01,-2.169847833690160543e-01,0.000000000000000000e+00,0.000000000000000000e+00,0.000000000000000000e+00,0.000000000000000000e+00,0.000000000000000000e+00,0.000000000000000000e+00
1.740000086998620432e+01,9.022568420955579427e+00,-4.860598764282128004e-01,7.519856826640312075e-01,7.610418564908527639e-02,-2.819140371265421163e-01,-1.972962493971168962e+00,-1.528740140787975488e+00,2.248291243286300312e-01,4.647879657732960634e-01,0.000000000000000000e+00,0.000000000000000000e+00,0.000000000000000000e+00,0.000000000000000000e+00,0.000000000000000000e+00,0.000000000000000000e+00
1.760000087998604457e+01,9.037789258846427032e+00,-5.424426866726168583e-01,3.573931641404853865e-01,-2.296438577956687599e-01,-2.369482100125605284e-01,-1.880004896168703921e+00,-8.707486102177239840e-01,5.028822878568247612e-01,1.194835427242702419e+00,0.000000000000000000e+00,0.000000000000000000e+00,0.000000000000000000e+00,0.000000000000000000e+00,0.000000000000000000e+00,0.000000000000000000e+00
1.780000088998588481e+01,8.991860484990890967e+00,-5.898323310445734435e-01,-1.860783389300618706e-02,-4.037935885465615549e-01,-1.363717474124524487e-01,-1.641037798771998624e+00,-2.393675248814912948e-01,5.975172308421917711e-01,1.699305939754009342e+00,0.000000000000000000e+00,0.000000000000000000e+00,0.000000000000000000e+00,0.000000000000000000e+00,0.000000000000000000e+00,0.000000000000000000e+00
1.800000089998572861e+01,8.911101763243705065e+00,-6.171066818907599005e-01,-3.468154100575235876e-01,-4.516670959164971189e-01,-1.686829526893654507e-02,-1.301176593828406780e+00,2.880075996359682255e-01,5.297955564737217848e-01,1.983286578017525947e+00,0.000000000000000000e+00,0.000000000000000000e+00,0.000000000000000000e+00,0.000000000000000000e+00,0.000000000000000000e+00,0.000000000000000000e+00
1.820000090998556885e+01,8.820768339543807457e+00,-6.204803411132274737e-01,-6.070507418347644846e-01,-3.940655731092731484e-01,8.909082132367934781e-02,-9.045192583923503671e-01,6.521272038448502339e-01,4.074346260354335114e-01,2.064100181597709582e+00,0.000000000000000000e+00,0.000000000000000000e+00,0.000000000000000000e+00,0.000000000000000000e+00,0.000000000000000000e+00,0.000000000000000000e+00
1.840000091998540910e+01,8.741955220981358465e+00,-6.026621759575974124e-01,-7.879546025582837565e-01,-2.636401258191344854e-01,1.705777506050476788e-01,-4.916992014321340254e-01,8.619674230632125012e-01,2.903265052861894180e-01,2.008463507526393244e+00,0.000000000000000000e+00,0.000000000000000000e+00,0.000000000000000000e+00,0.000000000000000000e+00,0.000000000000000000e+00,0.000000000000000000e+00
1.860000092998525290e+01,8.689227193181173092e+00,-5.685466241308376745e-01,-8.862944477616243599e-01,-9.124663258695445145e-02,2.286430545655045721e-01,-9.000647984253885847e-02,9.366532740268299628e-01,1.961326699823142949e-01,1.848637302877353727e+00,0.000000000000000000e+00,0.000000000000000000e+00,0.000000000000000000e+00,0.000000000000000000e+00,0.000000000000000000e+00,0.000000000000000000e+00
1.880000093998509314e+01,8.670977865751330782e+00,-5.228180109313422808e-01,-9.042957446301829183e-01,9.608403158479572603e-02,2.678695905232630348e-01,2.797209992190116679e-01,8.962667336172871480e-01,1.229050620654658643e-01,1.593994382983440650e+00,0.000000000000000000e+00,0.000000000000000000e+00,0.000000000000000000e+00,0.000000000000000000e+00,0.000000000000000000e+00,0.000000000000000000e+00
1.900000094998493338e+01,8.690194673029113304e+00,-4.692440901480363635e-01,-8.483515419892149190e-01,2.753373872707783332e-01,2.924506041653873178e-01,5.985198917553908871e-01,7.623767666642310425e-01,6.058213293252039111e-02,1.250132316840970814e+00,0.000000000000000000e+00,0.000000000000000000e+00,0.000000000000000000e+00,0.000000000000000000e+00,0.000000000000000000e+00,0.000000000000000000e+00
1.920000095998477718e+01,8.745262153236600611e+00,-4.107539663904991589e-01,-7.286475576530326848e-01,4.278127482272713333e-01,3.045670313577030774e-01,8.485463676247099185e-01,5.589664588153848701e-01,-7.899943768675901125e-04,8.435269732439352186e-01,0.000000000000000000e+00,0.000000000000000000e+00,0.000000000000000000e+00,0.000000000000000000e+00,0.000000000000000000e+00,0.000000000000000000e+00
1.940000096998461743e+01,8.830824707160113363e+00,-3.498405570733365000e-01,-5.589382756427614396e-01,5.396060455799243094e-01,3.044090324744297971e-01,1.017251770708633041e+00,3.138197266753097736e-01,-5.973960301258524064e-02,3.967490040806977425e-01,0.000000000000000000e+00,0.000000000000000000e+00,0.000000000000000000e+00,0.000000000000000000e+00,0.000000000000000000e+00,0.000000000000000000e+00
1.960000097998445767e+01,8.938745921672072825e+00,-2.889587475344085332e-01,-3.554879113286786296e-01,6.023699940531337393e-01,2.924611112745261754e-01,1.096601575492199609e+00,5.244230638390240395e-02,-1.153409054934581845e-01,-5.229397807600973114e-02,0.000000000000000000e+00,0.000000000000000000e+00,0.000000000000000000e+00,0.000000000000000000e+00,0.000000000000000000e+00,0.000000000000000000e+00
1.980000098998429792e+01,9.059219926506305143e+00,-2.304665223549386410e-01,-1.361675852643968732e-01,6.128584558543289651e-01,2.693929290224437723e-01,1.086142779354066334e+00,-2.023287142926145088e-01,-1.696407554469288315e-01,-4.514871028483876114e-01,0.000000000000000000e+00,0.000000000000000000e+00,0.000000000000000000e+00,0.000000000000000000e+00,0.000000000000000000e+00,0.000000000000000000e+00
2.000000099998414171e+01,9.181791623805658276e+00,-1.765879338565632672e-01,8.106098146767193313e-02,5.723927109725510665e-01,2.354647762366773867e-01,9.958453542695893113e-01,-4.136212456947197524e-01,-2.122167439471179529e-01,-7.729153632625329617e-01,0.000000000000000000e+00,0.000000000000000000e+00,0.000000000000000000e+00,0.000000000000000000e+00,0.000000000000000000e+00,0.000000000000000000e+00
2.020000100998398196e+01,9.296270171724005493e+00,-1.294949762546173944e-01,2.802300622798853946e-01,4.896684576974602021e-01,1.930214253251200107e-01,8.412622738880517481e-01,-5.632759474972299785e-01,-2.399277047473535873e-01,-9.782810729102823233e-01,0.000000000000000000e+00,0.000000000000000000e+00,0.000000000000000000e+00,0.000000000000000000e+00,0.000000000000000000e+00,0.000000000000000000e+00
2.040000101998382220e+01,9.394203868160102999e+00,-9.089068925940974042e-02,4.484825254699850161e-01,3.770132625653440095e-01,1.450358819764103191e-01,6.456060495233396646e-01,-6.206398390230514206e-01,-2.437778922111049629e-01,-1.052794736005991716e+00,0.000000000000000000e+00,0.000000000000000000e+00,0.000000000000000000e+00,0.000000000000000000e+00,0.000000000000000000e+00,0.000000000000000000e+00
2.060000102998366600e+01,9.469606524443245021e+00,-6.188351141379187792e-02,5.776037418306110283e-01,2.528852885544338180e-01,9.628030109644905576e-02,4.350470917943609073e-01,-5.826874613291364025e-01,-2.205427985601475793e-01,-9.806992798438458614e-01,0.000000000000000000e+00,0.000000000000000000e+00,0.000000000000000000e+00,0.000000000000000000e+00,0.000000000000000000e+00,0.000000000000000000e+00
2.080000103998350625e+01,9.520183584682945011e+00,-4.262745023171431863e-02,6.646131645398852816e-01,1.363477904618243253e-01,5.217173917902653835e-02,2.389072260187544983e-01,-4.496183592946892404e-01,-1.690979171643076928e-01,-7.649966280889081149e-01,0.000000000000000000e+00,0.000000000000000000e+00,0.000000000000000000e+00,0.000000000000000000e+00,0.000000000000000000e+00,0.000000000000000000e+00
2.100000104998334649e+01,9.547453144138765779e+00,-3.219310187419989477e-02,7.123946121326704128e-01,4.642411410677418221e-02,1.835215405521264595e-02,8.590789275112792334e-02,-2.321205589280270210e-01,-9.176076568809769796e-02,-4.295394422790080879e-01,0.000000000000000000e+00,0.000000000000000000e+00,0.000000000000000000e+00,0.000000000000000000e+00,0.000000000000000000e+00,0.000000000000000000e+00
2.120000105998319029e+01,9.556737967424355773e+00,-2.852267087963872988e-02,7.295761915419612942e-01,-2.227036170201886046e-24,1.315341982289914711e-23,1.679521177211273263e-24,1.113518029426082035e-23,-6.576709582632764409e-23,-8.397605466181847711e-24,0.000000000000000000e+00,0.000000000000000000e+00,0.000000000000000000e+00,0.000000000000000000e+00,0.000000000000000000e+00,0.000000000000000000e+00
2.140000106998303053e+01,9.556737967424355773e+00,-2.852267087963873335e-02,7.295761915419612942e-01,-2.634298021578643768e-37,-5.610862908311416607e-36,-2.265693869622442544e-37,1.113518029426082035e-23,-6.576709582632764409e-23,-8.397605466181847711e-24,0.000000000000000000e+00,0.000000000000000000e+00,0.000000000000000000e+00,0.000000000000000000e+00,0.000000000000000000e+00,0.000000000000000000e+00
